--ADMIN-USER
INSERT INTO admin_user (user_id,username,password,email,onelogin_id,country_cd,profile_url,user_auth_cd,user_auth_cfc_cd,user_grp_cd,user_position_cd,session_key,is_staff,is_active,last_login_dt,logout_dt,create_dt,update_dt,google_account_id,withdrew_dt)
VALUES (1,'scott@spoonradio.co','pbkdf2_sha256$180000$e780gZIzreCe$P8iNLKUZ7YR+dYXnB+1ELtyNAUgnd2ozyOwwaNIFkAo=','scott@spoonradio.co','75570760','','','A0005','','T0012','JP001','ji6ohb8nt9jlzma0y8bwktu81792hr75','1','1','2021-11-18 02:00:35.081671','2021-05-25 11:40:12.691813','2020-05-14 00:07:20.10108','2021-11-17 03:35:14.013647','',null),
       (2,'JOURNEY@SPOONRADIO.CO','','JOURNEY@SPOONRADIO.CO','64783338','','','A0006','','T0012','JP002','D5WEMYCI7MS7IEKRWTWTCYHK88KKMJ3M','1','1','2021-09-23 21:51:11.870345','2020-05-15 03:11:53.217932','2020-05-14 00:32:23.705135','2021-11-17 03:35:06.624834','',NULL), (3,'GRACE@SPOONRADIO.CO','','11439019184E4E869E8042F7AACAC817@SPOONRADIO.CO','','','','','','','','','0','0','2020-06-18 17:26:02.899179',NULL,'2020-05-14 00:37:39.513053','2020-06-12 08:14:49.066488','','2020-09-19 16:00:04.410671'), (4,'CELINE@SPOONRADIO.CO','','16B11F210623422B93E20F8A6F074E47@SPOONRADIO.CO','','','','','','','','','0','0','2020-05-21 08:58:11.63548','2020-05-18 03:01:28.1411','2020-05-14 01:16:32.942159','2020-05-14 01:23:23.279614','','2020-08-26 16:00:05.976192'), (5,'TED@SPOONRADIO.CO','','707B2B85075442BC92FE7DC4AC71DC3E@SPOONRADIO.CO','','','','','','','','','0','0','2020-07-24 03:23:53.627865',NULL,'2020-05-14 01:18:00.372227','2020-05-14 01:18:39.17609','','2020-10-24 16:00:04.984965'), (6,'VICTOR@SPOONRADIO.CO','','283E1FCB8A8B4B899B31FB2C815A414B@SPOONRADIO.CO','','','','','','','','','0','0','2021-05-18 08:56:08.591575','2021-05-18 09:14:32.884846','2020-05-14 01:25:42.582073','2020-05-14 01:25:42.582097','','2021-08-18 16:00:04.451598'), (7,'ANN@SPOONRADIO.CO','','069855CFDA014F8681C957EA4D09FDAC@SPOONRADIO.CO','','','','','','','','','0','0','2021-02-17 02:21:55.643835','2020-08-26 05:44:52.078368','2020-05-14 01:29:36.520342','2020-07-28 06:19:43.946787','','2021-02-19 15:59:31.536499'), (8,'BRADY@SPOONRADIO.CO','','F819020C81C7416082CD4ADC2ABEE886@SPOONRADIO.CO','','','','','','','','','0','0','2020-05-14 07:21:22.935353','2020-05-14 07:20:18.127042','2020-05-14 01:30:11.202987','2020-05-14 01:30:11.20301','','2020-08-26 16:00:05.976203'), (9,'DAVE@SPOONRADIO.CO','','C8EDB1CC443045D68D14F3C6AB7CAB0A@SPOONRADIO.CO','','','','','','','','','1','0','2021-05-26 08:56:15.435556','2021-03-23 08:25:19.216041','2020-05-14 01:31:41.973468','2021-03-23 08:28:39.478893','','2021-08-26 16:00:04.449921'), (10,'BRAD@SPOONRADIO.CO','','BRAD@SPOONRADIO.CO','51700763','','','A0003','','T0005','JP002','0SM9O5O3FHV8D8RDC6LNNNQIRKKYV4JH','0','1','2021-10-26 08:26:37.093338',NULL,'2020-05-14 01:33:27.412514','2020-07-23 07:08:12.819572','',NULL), (11,'GREK@SPOONRADIO.CO','','3A0EE76564C646E7A8521A09B96DAE8B@SPOONRADIO.CO','','','','','','','','','0','0','2020-05-15 06:19:05.903595',NULL,'2020-05-14 03:51:10.367201','2020-05-14 03:51:10.36723','','2020-08-26 16:00:05.976212'), (12,'','','9CE3DFA944C44522AFFF2CC793D2EDD3@SPOONRADIO.CO','','','','','','','','','0','0',NULL,NULL,'2020-05-14 03:53:54.035255','2020-05-14 03:53:54.03528','','2021-03-17 03:58:24.489638'), (13,'ETHAN@SPOONRADIO.CO','','CF8BF7E243AC4775BF04C20F353ED301@SPOONRADIO.CO','','','','','','','','','0','0','2020-06-12 10:04:12.596877',NULL,'2020-05-14 05:49:15.238056','2020-05-14 05:49:15.23808','','2020-09-12 16:00:06.232479'), (14,'MARTIN@SPOONRADIO.CO','','0F7C708C100942CDABFA1882EC0EAE38@SPOONRADIO.CO','','','','','','','','','0','0','2020-05-27 07:57:38.96305',NULL,'2020-05-20 00:54:01.596857','2020-05-20 00:54:01.596885','','2020-08-27 16:00:03.993429'), (15,'CHARLES@SPOONRADIO.CO','','5EB9DFE4CD864D3AB77D7987895BCDF3@SPOONRADIO.CO','','','','','','','','','0','0','2020-11-12 03:16:45.672909',NULL,'2020-06-05 09:05:38.218573','2020-06-05 09:05:38.218601','','2021-02-12 16:00:04.660522'), (16,'AARON@SPOONRADIO.CO','','ACD893E275E64D5D9FBE8F6B650431B8@SPOONRADIO.CO','','','','','','','','','0','0','2020-07-22 03:12:09.53355',NULL,'2020-07-22 03:10:39.332379','2020-07-22 03:10:39.332408','','2020-10-22 16:00:04.983725'), (17,'APRIL@SPOONRADIO.CO','','E146A33CA14D433DB0786DC1C9CE0D1D@SPOONRADIO.CO','','','','','','','','','0','0','2020-08-26 03:46:21.142633',NULL,'2020-07-23 07:07:36.922243','2020-11-24 08:49:14.189205','','2020-11-26 16:00:04.613023'), (18,'DAISY@SPOONRADIO.CO','','DAISY@SPOONRADIO.CO','64366652','','','A0005','','T0005','JP001','KEQY9XVWQA8LO6GGJ7SDGF291IIESDH3','1','1','2021-10-26 05:59:26.695387',NULL,'2020-07-23 07:08:56.152322','2020-11-24 08:48:56.575991','',NULL), (19,'HENRY@SPOONRADIO.CO','','DE08684EDEB546B9BFDA5175F78DAB51@SPOONRADIO.CO','','','','','','','','','0','0','2021-06-01 02:59:33.507434','2020-09-03 08:21:11.331272','2020-07-24 03:59:22.750158','2020-07-24 03:59:22.750186','','2021-07-20 03:39:51.114901'), (20,'','','42E6D9CE19774F23B958450E4B09D18A@SPOONRADIO.CO','','','','','','','','','0','0',NULL,NULL,'2020-07-24 09:46:20.695411','2020-07-24 09:46:20.695441','','2021-03-17 03:58:24.489658'), (21,'MIKE@SPOONRADIO.CO','','9F580FE36EFD49778D5219A46EFAD330@SPOONRADIO.CO','','','','','','','','','0','0','2021-03-24 05:38:14.542243',NULL,'2020-07-24 09:46:39.488937','2020-07-24 09:46:39.488965','','2021-06-24 16:00:04.611232'), (22,'THOMAS@SPOONRADIO.CO','','4D92D3831C204963B356D42CC3F73835@SPOONRADIO.CO','','','','','','','','','0','0','2020-09-08 08:19:45.583926',NULL,'2020-07-28 06:22:13.788697','2020-07-28 06:22:13.788725','','2020-12-08 16:00:04.126159'), (23,'VIVIAN@SPOONRADIO.CO','','C5DCB3C303B94B14A6B1502FE15FD8B3@SPOONRADIO.CO','','','','','','','','','0','0','2021-06-15 01:59:41.30933',NULL,'2020-07-29 03:17:10.663474','2020-07-29 03:19:29.309447','','2021-09-15 16:00:04.5004'), (24,'TAMMY@SPOONRADIO.CO','','TAMMY@SPOONRADIO.CO','84717741','','','A0006','','T0012','JP001','GIZ8QS9XI2KV38RQZ7U359TV1M4GY7XI','0','1','2021-11-19 09:29:34.358228','2021-04-15 02:00:48.797712','2020-08-03 02:33:18.84263','2020-08-03 02:33:18.842662','',NULL), (25,'ASTER@SPOONRADIO.CO','','ASTER@SPOONRADIO.CO','51700760','','','A0003','','T0006','JP003','XQD33IMP679UEN5G8ZK2IJJMC4A2UMR8','0','1','2021-11-16 08:03:40.978563','2020-12-01 01:38:27.63591','2020-08-04 02:00:49.751749','2020-12-01 01:39:10.232507','',NULL), (26,'JAMES@SPOONRADIO.CO','','7BCF438706654DFFBE9CA4D8668B9A83@SPOONRADIO.CO','','','','','','','','','0','0','2020-10-22 02:47:20.49926',NULL,'2020-08-04 02:01:20.409728','2020-08-04 02:01:20.409759','','2021-01-22 16:00:03.84347'), (27,'KIKO@SPOONRADIO.CO','','963178D808B442A98563E28DD2C8C3DC@SPOONRADIO.CO','','','','','','','','','0','0','2021-03-04 12:35:34.895596','2021-01-12 05:27:21.139403','2020-08-04 07:24:00.082711','2020-08-04 07:24:00.082743','','2021-06-04 16:00:04.72787'), (28,'TEE@SPOONRADIO.CO','','TEE@SPOONRADIO.CO','75570775','','','A0006','','T0010','JP001','ROV6QMH806Z4GYUR4NQ3RUUWYPB7YI72','0','1','2021-11-02 03:47:20.969805','2021-04-20 09:35:09.037435','2020-08-07 04:00:33.776288','2020-08-07 04:00:33.776329','',NULL), (29,'DEMIAN@SPOONRADIO.CO','','63CD1D1C88864461A1E06AD5AB51A207@SPOONRADIO.CO','','','','','','','','','1','0','2021-05-27 10:20:32.08679','2021-04-23 01:45:48.905696','2020-08-10 03:45:11.511616','2020-08-10 03:45:11.511648','','2021-08-27 16:00:04.66517'), (30,'','','430232E5C13241FFA1399CFE05C0A03C@SPOONRADIO.CO','','','','','','','','','0','0',NULL,NULL,'2020-08-21 13:25:35.326784','2020-08-21 13:25:44.679759','','2021-03-17 03:58:24.489671'), (31,'SION@SPOONRADIO.CO','','59AA0062A74C4BA79F4884D4E5F9BA25@SPOONRADIO.CO','','','','','','','','','0','0','2021-06-21 00:57:34.559711','2020-11-18 07:38:46.406663','2020-09-02 05:54:29.480708','2020-09-02 05:54:29.480739','','2021-09-21 16:00:04.185851'), (36,'GREK@SPOONRADIO.CO','','GREK@SPOONRADIO.CO','69166480','','','A0006','','T0012','JP001','3NY7JZ664TVEGQG0BDDANROYQZJPP7GN','0','1','2021-11-09 07:43:41.077785',NULL,'2020-09-04 01:12:45.496622','2020-09-04 01:12:45.496651','',NULL), (37,'HOON@SPOONRADIO.CO','','2BDCCD7F888F420482950ED6D2B6C97A@SPOONRADIO.CO','','','','','','','','','0','0','2020-11-14 16:13:02.129155',NULL,'2020-09-11 08:44:07.57201','2020-09-11 08:44:07.572041','','2021-02-15 16:00:04.542973'), (38,'WHALE@SPOONRADIO.CO','','CF399DE3059C47A8968EB5EC1AF80FA6@SPOONRADIO.CO','','','','','','','','','0','0','2021-01-07 03:39:57.074456',NULL,'2020-09-16 07:16:56.06069','2020-09-16 07:16:56.06072','','2021-04-07 16:00:04.672912'), (39,'FLORA@SPOONRADIO.CO','','6D0B2A2EE5AD470C87032C8206F18D01@SPOONRADIO.CO','','','','','','','','','0','0',NULL,NULL,'2020-09-29 08:51:41.641347','2020-09-29 08:51:41.68024','','2021-03-17 03:58:24.48968'), (40,'HENIE@SPOONRADIO.CO','','ADC4805A17964621A407D449D0908637@SPOONRADIO.CO','','','','','','','','','0','0','2021-01-28 09:47:05.773169',NULL,'2020-10-15 07:09:55.850319','2020-10-15 07:09:55.873365','','2021-02-19 15:59:40.377077'), (41,'RACHEL@SPOONRADIO.CO','','E94AD4A40560499F92101ECAEE474D8F@SPOONRADIO.CO','','','','','','','','','0','0',NULL,NULL,'2020-10-15 07:23:31.857284','2020-10-15 07:23:31.88452','','2021-03-17 03:58:24.489687'), (42,'KYU@SPOONRADIO.CO','','AC2B342CD87C4D2795BBBE9CB6D6F3A5@SPOONRADIO.CO','','','','','','','','','0','0','2020-12-16 07:16:43.245987',NULL,'2020-10-23 03:47:02.862797','2020-10-23 03:47:02.889','','2021-03-16 16:00:04.679209'), (43,'ERNIE@SPOONRADIO.CO','','ERNIE@SPOONRADIO.CO','71396940','','','A0006','','T0012','JP001','070CNV6VLX7Z0T533Q3SQAV44DT5NR22','0','1','2021-11-19 06:45:03.236522',NULL,'2020-10-29 06:21:55.163805','2020-11-10 00:34:24.191568','',NULL), (44,'JULIA@SPOONRADIO.CO','','25BA8464B7414C30A5FA40162A9A2007@SPOONRADIO.CO','','','','','','','','','0','0','2021-02-26 01:36:06.445019',NULL,'2020-10-30 02:32:29.237216','2020-11-10 00:34:31.619592','','2021-05-26 16:00:04.664067'), (45,'ANDREW@SPOONRADIO.CO','','ANDREW@SPOONRADIO.CO','113366628','','','A0006','','T0010','JP001','TDNMLH18OTA53JTHYN3VUGN948KL7SF1','0','1','2021-11-19 06:28:50.280304',NULL,'2020-11-03 03:54:58.93573','2020-11-03 03:55:02.155877','',NULL), (46,'JACK@SPOONRADIO.CO','','C196394A54E746799EA764C6AF6E18B0@SPOONRADIO.CO','','','','','','','','','0','0','2020-11-17 02:04:14.365848',NULL,'2020-11-16 09:20:46.939488','2021-01-21 12:28:23.526743','','2021-02-17 16:00:04.979828'), (47,'GRACE@SPOONRADIO.CO','','1E019AE7A4B84691BCE36EF335BFCD03@SPOONRADIO.CO','','','','','','','','','0','0','2021-01-06 00:12:17.927191',NULL,'2020-11-16 09:21:34.016049','2020-11-18 03:32:36.904153','','2021-04-06 16:00:05.471879'), (48,'SAM@SPOONRADIO.CO','','EBB83DF2CF65412EAA7CD50CA7A18E1E@SPOONRADIO.CO','','','','','','','','','0','0','2021-02-19 02:37:31.235706',NULL,'2020-11-17 09:19:36.686393','2020-11-17 09:19:36.721115','','2021-05-19 16:00:04.553793'), (49,'YONG@SPOONRADIO.CO','','121D05856A544E3F8A518D9746D082DD@SPOONRADIO.CO','','','','','','','','','0','0','2020-11-25 07:45:45.698032',NULL,'2020-11-24 01:32:26.647645','2020-12-15 08:58:09.107716','','2021-02-25 16:00:05.523481'), (50,'AARON@SPOONRADIO.CO','','AARON@SPOONRADIO.CO','117169001','','','A0006','','T0013','JP001','1UT0X1AIU7KNSQK3I6S1XBVRDAICGZS6','0','1','2021-11-19 06:50:40.558935',NULL,'2020-11-24 01:38:04.542612','2020-11-24 01:38:04.561714','',NULL), (51,'PATCH@SPOONRADIO.CO','','F9815A687C094C1DBAECD1D5CA99F054@SPOONRADIO.CO','','','','','','','','','0','0','2021-01-06 08:42:55.005601',NULL,'2020-11-24 01:38:17.310787','2020-11-24 01:38:17.326457','','2021-04-06 16:00:05.471893'), (52,'EDWARD@SPOONRADIO.CO','','7D4E0DC258E84968833C9B48CD46CB44@SPOONRADIO.CO','','','','','','','','','0','0',NULL,NULL,'2020-11-24 01:38:53.319464','2020-11-24 01:38:53.332151','','2021-03-17 03:58:24.489695'), (53,'RAYMOND@SPOONRADIO.CO','','C00EB28FD9F74E4D8FE82640A1B55ECB@SPOONRADIO.CO','','','','','','','','','0','0','2021-02-23 01:12:28.636686',NULL,'2020-11-24 01:39:06.319498','2020-11-24 01:39:06.332565','','2021-05-23 16:00:04.674172'), (54,'CELINE@SPOONRADIO.CO','','CELINE@SPOONRADIO.CO','114686094','','','A0006','','T0013','JP001','LVXS98DCDV6K8Y4KJB0ZXI0S6BZBM974','0','1','2021-11-16 05:54:40.621674',NULL,'2020-11-24 01:39:38.025544','2020-11-24 01:39:38.038178','',NULL), (55,'LOUIS@SPOONRADIO.CO','','2FEAD0B7038144ADAD6E4EE24040C450@SPOONRADIO.CO','','','','','','','','','0','0','2020-11-24 03:58:39.166377',NULL,'2020-11-24 01:39:50.499575','2020-11-24 01:39:50.512135','','2021-02-24 16:00:04.789537'), (56,'SOON@SPOONRADIO.CO','','SOON@SPOONRADIO.CO','114686079','','','A0006','','T0013','JP001','5M2M982KEDHJPJJ8G02QZ10S3QHEZNIE','0','1','2021-11-11 05:27:02.376696',NULL,'2020-11-24 01:40:05.382597','2020-11-24 01:40:05.396634','',NULL), (57,'WINTER@SPOONRADIO.CO','','801472A7328148B0AE1C5BF15F38B629@SPOONRADIO.CO','','','','','','','','','0','0',NULL,NULL,'2020-11-24 01:40:19.319939','2020-11-24 01:40:19.333493','','2021-03-17 03:58:24.489703'), (58,'ROY@SPOONRADIO.CO','','E0D4F6E50AAD49198EC607ABB40208C3@SPOONRADIO.CO','','','','','','','','','0','0',NULL,NULL,'2020-11-24 01:40:33.696309','2020-11-24 01:40:33.707804','','2021-03-17 03:58:24.48971'), (59,'BELLE@SPOONRADIO.CO','','BELLE@SPOONRADIO.CO','63935602','','','A0006','','T0005','JP001','HU8GZ5SG4HRFZ7HAKDI50UH6K0YZ6U68','0','1','2021-11-01 01:04:42.900837',NULL,'2020-11-24 07:06:59.172499','2020-11-24 07:06:59.19997','',NULL), (60,'WHAM@SPOONRADIO.CO','','3F58649DC81B429E8E3053E9B1620CA1@SPOONRADIO.CO','','','','','','','','','0','0','2020-11-25 02:19:06.456953',NULL,'2020-11-25 00:26:54.917583','2020-11-25 00:26:54.939996','','2021-02-25 16:00:05.523491'), (61,'TAMELESSMAN@SPOONRADIO.CO','','C615867649BA4F91A9EDC1944866F637@SPOONRADIO.CO','','','','','','','','','0','0','2020-12-07 05:20:15.417513',NULL,'2020-11-25 07:46:04.918732','2020-11-25 07:46:04.932566','','2021-03-07 16:00:04.122329'), (62,'NIGEL@SPOONRADIO.CO','','CE1280D43ACD4E50A7C5DA7A5FCAC7C1@SPOONRADIO.CO','','','','','','','','','0','0','2020-12-16 11:25:30.037353',NULL,'2020-12-08 08:29:39.650999','2020-12-08 08:29:39.671873','','2021-03-16 16:00:04.67922'), (63,'IRENE@SPOONRADIO.CO','','0C492581394D488B9F65A632FD3292D1@SPOONRADIO.CO','','','','','','','','','0','0','2021-04-23 05:42:08.420051',NULL,'2020-12-18 00:42:34.644721','2020-12-18 00:42:34.666959','','2021-07-23 16:00:04.087487'), (64,'ENA@SPOONRADIO.CO','','4C51920DEF334E18859FB51A74316F8C@SPOONRADIO.CO','','','','','','','','','0','0','2021-01-19 09:45:10.906218',NULL,'2021-01-18 07:29:02.531103','2021-01-18 07:29:02.589705','','2021-04-19 16:00:05.378363'), (65,'WILLIAM@SPOONRADIO.CO','','19B2981DF8114B6EB0E2B26614DE8904@SPOONRADIO.CO','','','','','','','','','0','0','2021-02-02 07:57:47.917181',NULL,'2021-01-21 04:37:14.219034','2021-01-21 04:37:14.276027','','2021-05-02 16:00:04.295099'), (66,'JDY2761@SPOONRADIO.CO','','0129517EB56B44028EE9E2301456571F@SPOONRADIO.CO','','','','','','','','','0','0',NULL,NULL,'2021-01-21 12:07:35.496825','2021-01-21 12:07:35.510532','','2021-01-21 12:16:07.866272'), (67,'JDY27611@SPOONRADIO.CO','','9527EED33B924DABA0E7C6ED596938FC@SPOONRADIO.CO','','','','','','','','','0','0',NULL,NULL,'2021-01-21 12:08:16.149443','2021-01-21 12:37:47.270416','','2021-01-22 07:30:38.757537'), (68,'123@SPOONRADIO.CO','','1B5BBE5874E248C2B8DDDE0A29BE077A@SPOONRADIO.CO','','','','','','','','','0','0',NULL,NULL,'2021-01-21 12:41:20.121057','2021-01-21 12:41:20.140603','','2021-01-22 07:30:36.129678'), (69,'1234@SPOONRADIO.CO','','21CD3C7397B84574879AECD42CED0DE3@SPOONRADIO.CO','','','','','','','','','0','0',NULL,NULL,'2021-01-21 12:41:29.144415','2021-01-21 12:41:29.166045','','2021-01-22 07:30:33.91104'), (70,'12345@SPOONRADIO.CO','','0C46675D5AA54D6EA5B7061C7A048E12@SPOONRADIO.CO','','','','','','','','','0','0',NULL,NULL,'2021-01-21 12:44:41.809966','2021-01-21 12:44:41.951451','','2021-01-22 07:30:30.807183'), (71,'123455@SPOONRADIO.CO','','75B3557E3CEF487ABEFA6357BE3EE70C@SPOONRADIO.CO','','','','','','','','','0','0',NULL,NULL,'2021-01-21 12:45:22.57362','2021-01-21 12:45:22.61422','','2021-01-22 07:30:26.237764'), (72,'ROSE@SPOONRADIO.CO','','ROSE@SPOONRADIO.CO','117966460','','','A0006','','T0012','JP001','EMVYX2UDISBLM82PJRHHUNCK00I46FRT','0','1','2021-11-08 02:56:53.195444',NULL,'2021-01-29 00:48:17.722565','2021-01-29 00:48:17.797336','',NULL), (73,'TITO@SPOONRADIO.CO','','6549A26D35564AAA9AC09D7C7D7D11B3@SPOONRADIO.CO','','','','','','','','','0','0','2021-01-29 00:59:56.048719',NULL,'2021-01-29 00:48:36.000083','2021-04-09 03:11:28.077744','','2021-04-29 16:00:04.509841'), (74,'SEOP@SPOONRADIO.CO','','SEOP@SPOONRADIO.CO','121810729','','','A0006','','T0013','JP001','EZKAQV6RBC4GBKEIIGM7ZSC1NYY09PKB','0','1','2021-11-19 06:51:03.022162',NULL,'2021-01-29 01:02:35.283949','2021-01-29 01:02:35.303194','',NULL), (75,'TEST@SPOONRADIO.CO','','F51B2145EDC848FF9308B4DC5C7C3057@SPOONRADIO.CO','','','','','','','','','0','0',NULL,NULL,'2021-03-02 00:27:26.292837','2021-03-02 00:27:26.311838','','2021-03-02 00:34:36.105638'), (76,'TEST1@SPOONRADIO.CO','','76A7C6D3694F48C4983E0FA236A8080A@SPOONRADIO.CO','','','','','','','','','0','0',NULL,NULL,'2021-03-02 00:28:50.504229','2021-03-02 00:28:50.528725','','2021-03-02 00:34:32.066609'), (77,'QA1@SPOONRADIO.CO','','1066B1929E2449C4B88D9AAA23E8ACDD@SPOONRADIO.CO','','','','','','','','','0','0',NULL,NULL,'2021-03-02 03:25:00.242468','2021-03-02 03:25:00.280052','','2021-06-02 16:00:04.514852'), (78,'QA2@SPOONRADIO.CO','','46910DB3D16A4AF59E009993724D586F@SPOONRADIO.CO','','','','','','','','','0','0',NULL,NULL,'2021-03-02 03:25:14.977497','2021-03-02 03:25:15.011112','','2021-04-20 06:23:17.419973'), (79,'1234TTEST@SPOONRADIO.CO','','B21C8011555D498B8D97D26012E1A8C8@SPOONRADIO.CO','','','','','','','','','0','0',NULL,NULL,'2021-03-23 08:06:59.607304','2021-03-23 08:06:59.63274','','2021-06-23 16:00:04.290217'), (80,'12345TTEST@SPOONRADIO.CO','','1EDB07BA5BA243F79CACBA9D627BFC0F@SPOONRADIO.CO','','','','','','','','','0','0',NULL,NULL,'2021-03-23 08:07:22.837589','2021-03-23 08:07:22.90195','','2021-06-23 16:00:04.29023'), (81,'123456TTEST@SPOONRADIO.CO','','E3AFFF96A66B4739B14444DD676E9587@SPOONRADIO.CO','','','','','','','','','0','0',NULL,NULL,'2021-03-23 08:22:26.886964','2021-03-23 08:22:26.922882','','2021-06-23 16:00:04.290248'), (82,'1234TTTEST@SPOONRADIO.CO','','BF112D17AC26457C8ECFBF496E5E52B2@SPOONRADIO.CO','','','','','','','','','0','0',NULL,NULL,'2021-03-23 08:28:58.078645','2021-03-23 08:28:58.110437','','2021-06-23 16:00:04.290256'), (83,'JOE@SPOONRADIO.CO','','JOE@SPOONRADIO.CO','51700796','','','A0006','','T0012','JP001','NI2VGEZIYKLHRBF3TAXILQBQPSGWOCUD','0','1','2021-11-11 02:02:09.706467',NULL,'2021-04-06 05:49:22.379516','2021-04-06 05:49:22.4611','',NULL), (84,'LANI@SPOONRADIO.CO','','LANI@SPOONRADIO.CO','128914347','','','A0006','','T0012','JP001','O6MMULAVP2ZM3J9I1TTO7CJDYBTH3DRV','1','1','2021-11-19 07:09:31.623228',NULL,'2021-04-07 08:12:18.770544','2021-04-07 08:12:18.803149','',NULL), (85,'YONG@SPOONRADIO.CO','','7564655283764EFC94644E26F9BB4EEB@SPOONRADIO.CO','','','','','','','','','0','0','2021-06-21 03:40:18.409992',NULL,'2021-04-09 03:06:25.866062','2021-04-09 03:09:56.946749','','2021-09-21 16:00:04.185864'), (86,'PETER@SPOONRADIO.CO','','PETER@SPOONRADIO.CO','81178219','','','A0006','','T0013','JP001','UXMJLROAMI3M8UR2R4R5ZK3D04BJB05K','0','1','2021-08-11 07:11:15.806359',NULL,'2021-04-09 05:08:52.68072','2021-04-09 05:08:52.697316','',NULL), (87,'JONATHAN@SPOONRADIO.CO','','0FC96867D97648A990B7F540B9F6E563@SPOONRADIO.CO','','','','','','','','','0','0','2021-04-12 05:35:27.473035',NULL,'2021-04-12 05:04:22.907619','2021-04-12 05:04:23.000807','','2021-07-12 16:00:04.321122'), (88,'LOUIS@SPOONRADIO.CO','','F3A9BF3F7FF5415EB6F67EC1647C565F@SPOONRADIO.CO','','','','','','','','','0','0','2021-04-16 02:59:21.699482',NULL,'2021-04-14 06:42:53.193841','2021-04-14 06:42:53.225932','','2021-07-16 16:00:03.722861'), (89,'RACHEL@SPOONRADIO.CO','','RACHEL@SPOONRADIO.CO','56881061','','','A0006','','T0005','JP001','QATX70DEWQ43A2UJX0DEEDXQE6O2D01M','0','1','2021-08-31 00:57:25.375219',NULL,'2021-04-21 02:15:27.063676','2021-04-21 02:15:27.100291','',NULL), (90,'MARK@SPOONRADIO.CO','','MARK@SPOONRADIO.CO','51700807','','','A0005','','T0011','JP002','9CS8OH1DXD6XDVDSZHOMCAVLJQY61FEI','0','1','2021-08-30 07:07:30.887726',NULL,'2021-04-21 09:56:30.450657','2021-04-22 08:15:07.60972','',NULL), (91,'GARY@SPOONRADIO.CO','','ADE2052FCA5C451DA23C2422603CAFC2@SPOONRADIO.CO','','','','','','','','','0','0','2021-05-31 07:06:04.366155',NULL,'2021-04-21 09:56:42.845887','2021-04-21 09:56:43.072447','','2021-08-31 16:00:04.830464'), (92,'HUGH@SPOONRADIO.CO','','48B9B7DC283E4744ADC952F038BD7C2C@SPOONRADIO.CO','','','','','','','','','0','0',NULL,NULL,'2021-04-23 00:20:21.781316','2021-04-23 00:20:21.8094','','2021-07-23 16:00:04.087501'), (93,'FREY@SPOONRADIO.CO','','1244850D05454DDFAE08F4306747812D@SPOONRADIO.CO','','','','','','','','','0','0','2021-05-13 06:31:22.488341',NULL,'2021-04-25 07:48:53.760712','2021-04-25 07:48:53.8128','','2021-08-13 16:00:03.959649'), (94,'LOLA@SPOONRADIO.CO','','364694E4DBDE48B8AC43A5D4322DDFCA@SPOONRADIO.CO','','','','','','','','','0','0','2021-06-17 07:46:57.147996',NULL,'2021-05-07 00:20:45.682355','2021-05-07 00:20:45.706596','','2021-09-17 16:00:03.954479'), (95,'TED@SPOONRADIO.CO','','TED@SPOONRADIO.CO','75570774','','','A0005','','T0007','JP002','3JVVNOE2GH8LYH8O5X1FFYHQRK2PAFGM','0','1','2021-07-20 03:17:55.460884',NULL,'2021-06-01 03:59:12.53026','2021-06-01 03:59:12.615485','',NULL), (96,'ARI@SPOONRADIO.CO','','ARI@SPOONRADIO.CO','71396933','','','A0006','','T0007','JP001','WKZNUWQQTRH3UY4FDB9MR4OYDT4EF14R','0','1','2021-11-07 12:01:29.94093',NULL,'2021-06-01 03:59:30.150425','2021-06-01 03:59:30.177505','',NULL), (97,'CHERISH@SPOONRADIO.CO','','E75ED9742572462CB0CEE3A342506FB1@SPOONRADIO.CO','','','','','','','','','0','0','2021-06-08 07:50:15.169686',NULL,'2021-06-08 03:18:01.009055','2021-06-08 03:18:01.075216','','2021-07-20 03:34:57.406978'), (98,'GRACE@SPOONRADIO.CO','','E51BE0297916496FBA031415551E3CF5@SPOONRADIO.CO','','','','','','','','','0','0','2021-06-08 05:40:09.933378',NULL,'2021-06-08 03:43:41.986368','2021-06-08 03:43:42.021273','','2021-09-08 16:00:04.684984'), (99,'THOMAS@SPOONRADIO.CO','','D9516C2DB1C64EB980D2DF8232BB1DBD@SPOONRADIO.CO','','','','','','','','','0','0',NULL,NULL,'2021-06-14 02:07:25.629552','2021-06-14 02:07:25.676079','','2021-09-14 16:00:04.013618'), (100,'TAE@SPOONRADIO.CO','','TAE@SPOONRADIO.CO','75767190','','','A0006','','T0008','JP001','OQ6L42S1OSWD9JGY50U82M336HRJ39EC','0','1','2021-09-15 10:40:51.214275',NULL,'2021-06-14 03:31:48.69976','2021-06-14 03:31:48.858374','',NULL), (101,'SUMMER@SPOONRADIO.CO','','DC977095262C4EBB86933F4E18374E96@SPOONRADIO.CO','','','','','','','','','0','0',NULL,NULL,'2021-06-14 05:58:05.074167','2021-06-14 05:58:05.105244','','2021-09-14 16:00:04.013633'), (102,'JACE@SPOONRADIO.CO','','52CF49C15B6D4B8498EFB4A20B34F958@SPOONRADIO.CO','','','','','','','','','0','0',NULL,NULL,'2021-06-21 03:40:55.620652','2021-06-21 03:40:55.641659','','2021-09-21 16:00:04.185874'), (103,'JADEN@SPOONRADIO.CO','','JADEN@SPOONRADIO.CO','134806388','','','A0006','','T0013','JP001','NK0Z9LMDYG5PQI2KMJ97JRC4XJMQH60J','0','1','2021-11-19 06:48:38.866825','2021-07-01 00:48:24.189781','2021-06-21 03:41:14.414066','2021-06-21 03:41:14.427438','',NULL), (104,'STEVE@SPOONRADIO.CO','','STEVE@SPOONRADIO.CO','75570763','','','A0006','','T0012','JP001','XK8WO6DMN6RQ4GH6GZYLQA4MRNPJ45PH','0','1','2021-08-03 01:06:45.334793',NULL,'2021-07-12 01:17:38.827997','2021-07-12 01:17:38.929977','',NULL), (105,'MATTHEW@SPOONRADIO.CO','','MATTHEW@SPOONRADIO.CO','122676740','','','A0005','','T0008','JP002','2YQTJ5CARFTMZPF0BSGGPGMSXA8UGWMP','0','1','2021-09-06 03:13:54.700589',NULL,'2021-07-15 06:06:28.873818','2021-07-15 06:06:28.910818','',NULL), (106,'OWEN@SPOONRADIO.CO','','OWEN@SPOONRADIO.CO','111964804','','','A0006','','T0007','JP001','9RI5CTRXQNWTE0ZG3M32VZLJJPBGVLU6','0','1','2021-08-31 06:25:18.570575',NULL,'2021-07-20 03:21:36.40022','2021-07-20 03:21:36.421316','',NULL), (107,'NIGEL@SPOONRADIO.CO','','NIGEL@SPOONRADIO.CO','51700818','','','A0005','','T0009','JP002','2BSTY7VGK0OUJS0NC3SQWG16KE1BM98M','0','1','2021-09-30 04:57:10.902999',NULL,'2021-07-20 07:50:32.902802','2021-07-20 07:50:32.945824','',NULL), (108,'CHARLOTTE@SPOONRADIO.CO','','CHARLOTTE@SPOONRADIO.CO','134004438','','','A0006','','T0012','JP001','QRJ04B9AYWZ04EK7XJ22A4VAWPFYU6I9','0','1','2021-11-19 05:31:30.206219','2021-11-18 10:38:35.697164','2021-07-27 01:47:37.370429','2021-07-27 01:47:37.419704','',NULL), (109,'SPOON_TBELL1@SPOONRADIO.CO','','SPOON_TBELL1@SPOONRADIO.CO','144226768','','','A0006','','T0012','JP001','DB3TQM7NWVJZCR5MKFCS7S96FVSHJWDL','0','1','2021-11-19 10:00:10.708603',NULL,'2021-08-02 05:17:08.756362','2021-08-02 05:17:08.823032','',NULL), (110,'SPOON_TBELL2@SPOONRADIO.CO','','SPOON_TBELL2@SPOONRADIO.CO','144226968','','','A0006','','T0012','JP001','QQ35N1EFBX01DPUCW8ZXFA00QP2O9P26','0','1','2021-11-19 03:32:49.96407','2021-08-17 02:14:42.925967','2021-08-02 05:17:33.420552','2021-08-02 05:17:33.476122','',NULL), (111,'SPOON_TBELL3@SPOONRADIO.CO','','SPOON_TBELL3@SPOONRADIO.CO','144226998','','','A0006','','T0012','JP001','M9C9XV3HEAVLKGB3MOFK9VDSC856DH3G','0','1','2021-10-07 05:49:00.975956',NULL,'2021-08-02 05:17:46.09148','2021-08-02 05:17:46.138437','',NULL), (112,'SPOON_TBELL4@SPOONRADIO.CO','','SPOON_TBELL4@SPOONRADIO.CO','','','','A0006','','T0012','JP001','','0','1',NULL,NULL,'2021-08-02 05:17:57.235144','2021-08-02 05:17:57.284909','',NULL), (113,'RILEY@SPOONRADIO.CO','','EA8FE06A25A146A49B2A1321B47CDC27@SPOONRADIO.CO','','','','','','','','','0','0','2021-08-18 07:25:44.44782',NULL,'2021-08-09 01:14:24.637813','2021-09-10 01:19:51.020234','','2021-09-10 01:19:51.020112'), (114,'SALLY@SPOONRADIO.CO','','SALLY@SPOONRADIO.CO','128914343','','','A0006','','T0012','JP001','WSOYAY2PGCWE65G5M2K8J8PTIMNXSRQP','0','1','2021-11-02 04:00:55.284761',NULL,'2021-08-10 03:37:19.141223','2021-08-10 03:37:19.219324','',NULL), (115,'JULIA@SPOONRADIO.CO','','JULIA@SPOONRADIO.CO','51700817','','','A0006','','T0012','JP001','WO8KBMMVOVIB9SUKZJ2J5E0XWP6WAZHX','0','1','2021-08-17 05:54:17.665698',NULL,'2021-08-17 04:12:38.089267','2021-08-17 04:12:38.144283','',NULL), (116,'VICTOR@SPOONRADIO.CO','','VICTOR@SPOONRADIO.CO','75570785','','','A0006','','T0007','JP001','6SWRQ28F2YS8HENRZYD05I4BT4WHQ0JQ','0','1','2021-11-18 03:42:29.105703',NULL,'2021-08-26 03:29:56.849886','2021-08-26 03:29:56.849928','',NULL), (117,'JUDY@SPOONRADIO.CO','','JUDY@SPOONRADIO.CO','138564498','','','A0006','','T0012','JP001','O89QE7IB36ARU13D5X4UZCZRFI7DF5CP','0','1','2021-10-26 03:44:54.868076',NULL,'2021-09-06 03:19:42.732111','2021-09-06 03:19:42.783815','',NULL), (118,'KEUMI@SPOONRADIO.CO','','KEUMI@SPOONRADIO.CO','146569991','','','A0006','','T0012','JP001','T6IAFRFU14FYT358R8NABBYAKH4D2987','0','1','2021-10-08 04:25:29.407576',NULL,'2021-09-06 03:22:45.436421','2021-09-06 03:22:45.485863','',NULL), (119,'HUGH@SPOONRADIO.CO','','HUGH@SPOONRADIO.CO','51700788','','','A0006','','T0012','JP001','9XQI4JNZER936GLPD3ZSB1HIQB5S8RWY','0','1','2021-10-22 07:47:16.380645',NULL,'2021-09-07 06:04:25.979041','2021-09-07 06:04:26.036394','',NULL), (120,'IRENE@SPOONRADIO.CO','','IRENE@SPOONRADIO.CO','59891374','','','A0006','','T0012','JP001','711MTUNP4W1ZGZ6V7T080DN257LKP0YK','0','1','2021-10-12 02:23:29.147994',NULL,'2021-09-07 06:04:55.080886','2021-09-07 06:04:55.16174','',NULL), (121,'SOPHIA@SPOONRADIO.CO','','SOPHIA@SPOONRADIO.CO','128470662','','','A0006','','T0012','JP001','2IZAEEBD0SW8A9P0T0PGZ1GON9ESEWJQ','0','1','2021-11-19 01:24:46.602456',NULL,'2021-09-08 09:42:25.891858','2021-09-08 09:42:25.941083','',NULL), (122,'RAYMOND@SPOONRADIO.CO','','RAYMOND@SPOONRADIO.CO','52006472','','','A0005','','T0013','JP002','WBL2V7ZR8INO6G6HPK4WL9CP00PKPTVA','0','1','2021-11-10 08:42:21.842495',NULL,'2021-09-24 01:51:53.074157','2021-09-24 01:51:53.07419','',NULL), (123,'CHLOE@SPOONRADIO.CO','','CHLOE@SPOONRADIO.CO','147426172','','','A0006','','T0016','JP001','0SMXHSB3OU6XN4KY9JSPQ85219YQDPI5','0','1','2021-10-01 05:49:30.442065',NULL,'2021-09-28 01:19:34.108533','2021-10-05 04:14:56.341063','',NULL), (124,'KENNY@SPOONRADIO.CO','','KENNY@SPOONRADIO.CO','','','','A0005','','T0016','JP002','','0','1',NULL,NULL,'2021-10-05 04:14:40.405892','2021-10-05 04:14:40.405924','',NULL), (125,'QA@SPOONRADIO.CO','','QA@SPOONRADIO.CO','151502606','','','A0006','','T0012','JP001','1C4BQ9H3QIIZ5NF096BMP126R9LP910S','0','1','2021-11-18 09:21:41.127078',NULL,'2021-10-05 05:34:15.654194','2021-10-05 05:34:15.851547','',NULL), (126,'WHALE@SPOONRADIO.CO','','WHALE@SPOONRADIO.CO','93302491','','','A0006','','T0012','JP001','GK28CQSMDU29IHLOONLR2CZ4HLAZJ5E8','0','1','2021-11-19 12:36:36.039606',NULL,'2021-10-12 02:35:22.098337','2021-10-12 02:35:22.147499','',NULL), (127,'DAVE@SPOONRADIO.CO','','DAVE@SPOONRADIO.CO','','','','A0006','','T0012','JP001','HYXNQ52WJ61C6C8IYM3IUDXD45RL6V4T','0','1','2021-11-02 07:35:11.108041',NULL,'2021-10-26 05:41:15.295535','2021-10-26 05:41:15.350602','',NULL), (128,'FLORA@SPOONRADIO.CO','','FLORA@SPOONRADIO.CO','','','','A0006','','T0012','JP001','PD22BP1THSBJM8E1O4SMQD3LWR1NE017','0','1','2021-11-19 05:28:22.833973',NULL,'2021-11-09 02:40:14.404105','2021-11-09 02:40:14.464942','',NULL),
       (129,'YULIE@SPOONRADIO.CO','','YULIE@SPOONRADIO.CO','','','','A0006','','T0012','JP001','OWHXEBXZKJLNKI4KBQFVPHDK77NLF119','0','1','2021-11-17 07:27:03.153196',NULL,'2021-11-16 04:57:09.793526','2021-11-16 04:57:09.966185','',NULL), (130,'EMMA@SPOONRADIO.CO','','EMMA@SPOONRADIO.CO','','','','A0006','','T0012','JP001','I23BI3JVLRZCIUN4ICVECI870VZA0XNQ','0','1','2021-11-18 07:59:41.121309',NULL,'2021-11-17 06:02:38.006766','2021-11-17 06:02:38.06204','',NULL);

--VOC-HIST
INSERT INTO voc_hist (voc_hist_id,status_cd,spoon_user_id,register_type_cd,bound_type_cd,criticality_type_cd,channel_cd,type_cd,category_cd,division_cd,section_cd,comment,reply,create_dt,update_dt,member_user_id,reply_user_id,spoon_user_nickname,non_spoon_member_email,reply_dt,des_dt,is_des,upload_dt,app_version,carrier,device_model,os)
VALUES
(1,'VST01',2570,'VR001','VB001','VI002','VCH01','VTY01','VCA04','VDP04','협상','돈을 돌려달라고 하심','돈을 돌려드리겠습니다. 내일까지','2020-05-14 08:51:47.989557','2020-05-14 08:51:47.989599',4,null,'셀린느','',null,null,'0',null,null,null,null,null)
,(2,'VST01',1212,'VR001','VB002','VI001','VCH02','VTY02','VCA01','VDV02','fb','계정 정보를 알 수 없어서 짜증남','걱정하지 마세요','2020-05-14 12:35:16.823002','2020-05-14 12:35:16.823028',4,null,'hhhhhhhhh','',null,null,'0',null,null,null,null,null)
,(3,'VST01',123,'VR001','VB001','VI001','VCH03','VTY01','VCA01','VDV01','ios','스푼이 싫다고 하심','스푼 왜 싫데요?','2020-05-14 12:36:36.052207','2020-05-14 12:36:36.052237',4,7,'상민김','','2020-07-27 06:08:18.387193',null,'0',null,null,null,null,null)
,(5,'VST01',2416,'VR001','VB001','VI001','VCH04','VTY02','VCA02','VDV08','환전 입금 오류','환전 입금이 안됐습니다.','파이낸셜팀 문의 요청','2020-05-15 03:56:03.680851','2020-05-15 03:56:30.904664',7,7,'애니팡','',null,null,'0',null,null,null,null,null)
,(6,'VST01',2416,'VR001','VB002','VI001','VCH04','VTY02','VCA01','VDV02','계정 수정 불가','계정 수정 안됩니다.','ok','2020-05-15 03:57:52.801459','2020-05-15 03:57:52.801486',7,1,'애니팡','',null,null,'0',null,null,null,null,null)
,(8,'VST01',2936,'VR001','VB001','VI001','VCH01','VTY01','VCA01','VDV01','123','123','','2020-06-03 08:26:42.302973','2020-06-03 08:26:42.303137',9,null,'사삼백석','',null,null,'0',null,null,null,null,null)
,(9,'VST01',2,'VR001','VB001','VI001','VCH01','VTY01','VCA01','VDV01','test','test','','2020-06-17 01:50:19.207544','2020-06-17 01:50:19.207571',1,null,'dudwls96','',null,null,'0',null,null,null,null,null)
,(10,'VST01',3073,'VR001','VB001','VI001','VCH01','VTY01','VCA01','VDV01','123','12322','','2020-06-18 14:54:18.505825','2020-06-18 14:54:32.289565',3,null,'Luke Test','',null,null,'0',null,null,null,null,null)
,(11,'VST01',3073,'VR001','VB002','VI001','VCH01','VTY01','VCA01','VDV01','12312','1231','','2020-06-18 15:18:53.4794','2020-06-18 15:18:53.479425',3,null,'Luke Test','',null,null,'0',null,null,null,null,null)
,(12,'VST01',3073,'VR001','VB001','VI001','VCH01','VTY01','VCA01','VDV01','2131231','3123123','','2020-06-18 15:20:05.317669','2020-06-18 15:20:05.3177',3,null,'Luke Test','',null,null,'0',null,null,null,null,null)
,(13,'VST01',3073,'VR001','VB001','VI001','VCH01','VTY01','VCA01','VDV01','123','123213','','2020-06-18 15:20:12.553184','2020-06-18 15:20:12.553213',3,null,'Luke Test','',null,null,'0',null,null,null,null,null)
,(14,'VST01',3073,'VR001','VB002','VI001','VCH01','VTY01','VCA01','VDV01','12312','1231','','2020-06-18 15:33:19.361647','2020-06-18 15:33:19.361672',3,null,'Luke Test','',null,null,'0',null,null,null,null,null)
,(15,'VST01',3073,'VR001','VB002','VI001','VCH01','VTY01','VCA01','VDV01','12312','1231','','2020-06-18 15:33:20.910348','2020-06-18 15:33:20.910374',3,null,'Luke Test','',null,null,'0',null,null,null,null,null)
,(16,'VST01',3073,'VR001','VB002','VI001','VCH01','VTY01','VCA01','VDV01','12312','1231','','2020-06-18 15:33:31.29817','2020-06-18 15:33:31.298196',3,null,'Luke Test','',null,null,'0',null,null,null,null,null)
,(17,'VST01',3073,'VR001','VB001','VI001','VCH01','VTY01','VCA01','VDV01','2131231','3123123','','2020-06-18 15:33:39.369594','2020-06-18 15:33:39.36963',3,null,'Luke Test','',null,null,'0',null,null,null,null,null)
,(18,'VST01',3073,'VR001','VB001','VI001','VCH01','VTY01','VCA01','VDV01','2131231','3123123','','2020-06-18 15:33:39.787361','2020-06-18 15:33:39.787385',3,null,'Luke Test','',null,null,'0',null,null,null,null,null)
,(19,'VST01',3073,'VR001','VB001','VI001','VCH01','VTY01','VCA01','VDV01','123','123213','','2020-06-18 15:33:40.980843','2020-06-18 15:33:40.980877',3,null,'Luke Test','',null,null,'0',null,null,null,null,null)
,(20,'VST01',3073,'VR002','VB001','VI001','VCH01','VTY01','VCA01','VDV01','123','123213','','2020-06-18 15:33:41.379665','2020-06-18 15:33:41.379689',3,null,'Luke Test','',null,null,'0',null,null,null,null,null)
,(21,'VST01',3073,'VR002','VB001','VI001','VCH01','VTY01','VCA01','VDV01','2131231','3123123','','2020-06-18 15:33:48.71167','2020-06-18 15:33:48.711695',3,null,'Luke Test','',null,null,'0',null,null,null,null,null)
,(22,'VST01',3073,'VR002','VB001','VI001','VCH01','VTY01','VCA01','VDV01','123','123213','','2020-06-18 15:33:51.886981','2020-06-18 15:33:51.887007',3,null,'Luke Test','',null,null,'0',null,null,null,null,null)
,(23,'VST01',3073,'VR002','VB001','VI001','VCH01','VTY01','VCA01','VDV01','2131231','3123123','','2020-06-18 15:34:20.980851','2020-06-18 15:34:20.98089',3,null,'Luke Test','',null,null,'0',null,null,null,null,null)
,(24,'VST01',3073,'VR002','VB001','VI001','VCH01','VTY01','VCA01','VDV01','2131231','3123123','','2020-04-18 15:34:21.264071','2020-06-18 15:34:21.264107',3,null,'Luke Test','',null,null,'0',null,null,null,null,null)
,(25,'VST01',3073,'VR002','VB001','VI001','VCH01','VTY01','VCA01','VDV01','2131231','3123123','','2020-05-18 15:34:21.589029','2020-06-18 15:34:21.589065',3,null,'Luke Test','',null,null,'0',null,null,null,null,null)
,(26,'VST01',3073,'VR002','VB001','VI001','VCH01','VTY01','VCA01','VDV01','2131231','3123123','','2020-06-18 15:34:21.913291','2020-06-18 15:34:21.913365',3,null,'Luke Test','',null,null,'0',null,null,null,null,null)
,(27,'VST01',3073,'VR002','VB001','VI001','VCH01','VTY01','VCA01','VDV01','2131231','3123123','','2020-06-18 15:34:22.310959','2020-06-18 15:34:22.310985',3,null,'Luke Test','',null,null,'0',null,null,null,null,null)
,(28,'VST01',3073,'VR002','VB001','VI001','VCH01','VTY01','VCA01','VDV01','2131231','3123123','','2020-06-18 15:34:22.571065','2020-06-18 15:34:22.571127',3,null,'Luke Test','',null,null,'0',null,null,null,null,null)
,(29,'VST01',3073,'VR002','VB001','VI001','VCH01','VTY01','VCA01','VDV01','2131231','3123123','','2020-06-18 15:34:22.829406','2020-06-18 15:34:22.829429',3,null,'Luke Test','',null,null,'0',null,null,null,null,null)
,(30,'VST01',3073,'VR002','VB001','VI001','VCH01','VTY01','VCA01','VDV01','2131231','3123123','','2020-06-18 15:34:23.047755','2020-06-18 15:34:23.047781',3,null,'Luke Test','',null,null,'0',null,null,null,null,null)
,(31,'VST01',3073,'VR002','VB001','VI001','VCH01','VTY01','VCA01','VDV01','2131231','3123123','','2020-06-18 15:34:23.399938','2020-06-18 15:34:23.399969',3,null,'Luke Test','',null,null,'0',null,null,null,null,null)
,(32,'VST01',3073,'VR002','VB001','VI001','VCH01','VTY01','VCA01','VDV01','2131231','3123123','','2020-06-18 15:34:23.603868','2020-06-18 15:34:23.603892',3,null,'Luke Test','',null,null,'0',null,null,null,null,null)
,(33,'VST01',62441,'VR001','VB001','VI001','VCH01','VTY01','VCA01','VDV01','2131231','3123123','','2020-06-18 15:34:23.817404','2020-06-18 15:34:23.817428',3,null,'Luke Test','',null,null,'0',null,null,null,null,null)
,(34,'VST01',62442,'VR001','VB001','VI001','VCH01','VTY01','VCA01','VDV01','2131231','3123123','','2020-06-18 15:34:24.07983','2020-06-18 15:34:24.079857',3,null,'Luke Test','',null,null,'0',null,null,null,null,null)
,(35,'VST01',3073,'VR001','VB001','VI001','VCH01','VTY01','VCA01','VDV01','2131231','3123123','','2020-06-18 15:34:24.11803','2020-06-18 15:34:24.118054',3,null,'Luke Test','',null,null,'0',null,null,null,null,null)
,(36,'VST01',3073,'VR001','VB001','VI001','VCH01','VTY01','VCA01','VDV01','2131231','3123123','','2020-06-18 15:34:24.334937','2020-06-18 15:34:24.334974',3,null,'Luke Test','',null,null,'0',null,null,null,null,null)
,(37,'VST01',3073,'VR001','VB001','VI001','VCH01','VTY01','VCA01','VDV01','2131231','3123123','','2020-06-18 15:34:24.607503','2020-06-18 15:34:24.607525',3,null,'Luke Test','',null,null,'0',null,null,null,null,null)
,(38,'VST01',3073,'VR001','VB001','VI001','VCH01','VTY01','VCA01','VDV01','2131231','3123123','','2020-06-18 15:34:24.891549','2020-06-18 15:34:24.891583',3,null,'Luke Test','',null,null,'0',null,null,null,null,null)
,(39,'VST01',3073,'VR001','VB001','VI001','VCH01','VTY01','VCA01','VDV01','2131231','3123123','','2020-06-18 15:34:25.155767','2020-06-18 15:34:25.155802',3,null,'Luke Test','',null,null,'0',null,null,null,null,null)
,(40,'VST01',3073,'VR001','VB001','VI001','VCH01','VTY01','VCA01','VDV01','2131231','3123123','','2020-06-18 15:42:12.011628','2020-06-18 15:42:12.011661',3,null,'Luke Test','',null,null,'0',null,null,null,null,null)
,(41,'VST01',3073,'VR001','VB001','VI001','VCH01','VTY01','VCA01','VDV01','2131231','3123123','','2020-06-18 15:42:12.181776','2020-06-18 15:42:12.181814',3,null,'Luke Test','',null,null,'0',null,null,null,null,null)
,(42,'VST01',3073,'VR001','VB001','VI001','VCH01','VTY01','VCA01','VDV01','2131231','3123123','','2020-06-18 15:42:12.404674','2020-06-18 15:42:12.4047',3,null,'Luke Test','',null,null,'1',null,null,null,null,null)
,(43,'VST01',3073,'VR001','VB001','VI001','VCH01','VTY01','VCA01','VDV01','2131231','3123123','','2020-06-18 15:42:12.470496','2020-06-18 15:42:12.470532',3,null,'ALuke TestB','',null,null,'0',null,null,null,null,null);


--VOC-ATTACHMENT

INSERT INTO voc_attachment (attachment_id, voc_hist_id, attachment_path, create_dt, update_dt) VALUES
(215, 30, '2021-04-30/15/스크린샷 2021-04-29 오후 11.40.49.PNG', '2021-05-05 12:52:00.006823', null),
(216, 40, '2021-04-30/9/Image from iOS (102).png', '2021-05-05 12:52:11.969399', null),
(217, 43, '2021-04-30/10/20210427_200404.mp4', '2021-05-05 12:52:14.619869', null),
(218, 43, '2021-04-30/13/83A1BA59-3F2F-4E04-B1A1-5330A300C45A.png', '2021-05-05 12:52:15.327400', null);
